date,Epstein
2024-11-01,10.0
2024-11-02,7.0
2024-11-03,17.0
2024-11-04,12.0
2024-11-05,14.0
2024-11-06,8.0
2024-11-07,6.0
2024-11-08,5.0
2024-11-09,5.0
2024-11-10,4.0
2024-11-11,4.0
2024-11-12,4.0
2024-11-13,4.0
2024-11-14,4.0
2024-11-15,3.0
2024-11-16,3.0
2024-11-17,3.0
2024-11-18,3.0
2024-11-19,3.0
2024-11-20,3.0
2024-11-21,3.0
2024-11-22,3.0
2024-11-23,3.0
2024-11-24,3.0
2024-11-25,3.0
2024-11-26,3.0
2024-11-27,3.0
2024-11-28,3.0
2024-11-29,3.0
2024-11-30,3.0
2024-12-01,3.0
2024-12-02,3.0
2024-12-03,3.0
2024-12-04,3.0
2024-12-05,3.0
2024-12-06,3.0
2024-12-07,3.0
2024-12-08,2.0
2024-12-09,3.0
2024-12-10,3.0
2024-12-11,2.0
2024-12-12,3.0
2024-12-13,3.0
2024-12-14,2.0
2024-12-15,2.0
2024-12-16,2.0
2024-12-17,3.0
2024-12-18,2.0
2024-12-19,2.0
2024-12-20,2.0
2024-12-21,3.0
2024-12-22,2.0
2024-12-23,3.0
2024-12-24,3.0
2024-12-25,2.0
2024-12-26,3.0
2024-12-27,3.0
2024-12-28,4.0
2024-12-29,3.0
2024-12-30,3.0
2024-12-31,3.0
2025-01-01,3.0
2025-01-02,3.0
2025-01-03,3.0
2025-01-04,2.0
2025-01-05,3.0
2025-01-06,2.0
2025-01-07,2.0
2025-01-08,3.0
2025-01-09,2.0
2025-01-10,3.0
2025-01-11,3.0
2025-01-12,2.0
2025-01-13,2.0
2025-01-14,2.0
2025-01-15,3.0
2025-01-16,3.0
2025-01-17,3.0
2025-01-18,3.0
2025-01-19,2.0
2025-01-20,3.0
2025-01-21,3.0
2025-01-22,3.0
2025-01-23,3.0
2025-01-24,4.0
2025-01-25,3.0
2025-01-26,3.0
2025-01-27,3.0
2025-01-28,3.0
2025-01-29,3.0
2025-01-30,4.0
2025-01-31,6.0
2025-02-01,5.0
2025-02-02,5.0
2025-02-03,3.0
2025-02-04,4.0
2025-02-05,7.0
2025-02-06,5.0
2025-02-07,5.0
2025-02-08,4.0
2025-02-09,3.0
2025-02-10,3.0
2025-02-11,3.0
2025-02-12,4.0
2025-02-13,4.0
2025-02-14,3.0
2025-02-15,3.0
2025-02-16,3.0
2025-02-17,3.0
2025-02-18,3.0
2025-02-19,3.0
2025-02-20,4.0
2025-02-21,7.0
2025-02-22,9.0
2025-02-23,6.0
2025-02-24,5.0
2025-02-25,7.0
2025-02-26,7.0
2025-02-27,88.0
2025-02-28,100.0
2025-03-01,25.0
2025-03-02,14.0
2025-03-03,10.0
2025-03-04,10.0
2025-03-05,6.0
2025-03-06,6.0
2025-03-07,6.0
2025-03-08,5.0
2025-03-09,5.0
2025-03-10,5.0
2025-03-11,4.0
2025-03-12,4.0
2025-03-13,4.0
2025-03-14,4.0
2025-03-15,4.0
2025-03-16,4.0
2025-03-17,4.0
2025-03-18,5.0
2025-03-19,5.0
2025-03-20,3.0
2025-03-21,3.0
2025-03-22,3.0
2025-03-23,3.0
2025-03-24,3.0
2025-03-25,3.0
2025-03-26,3.0
2025-03-27,3.0
2025-03-28,3.0
2025-03-29,3.0
2025-03-30,3.0
2025-03-31,3.0
2025-04-01,4.0
2025-04-02,3.0
2025-04-03,3.0
2025-04-04,3.0
2025-04-05,2.0
2025-04-06,3.0
2025-04-07,3.0
2025-04-08,3.0
2025-04-09,3.0
2025-04-10,3.0
2025-04-11,3.0
2025-04-12,2.0
2025-04-13,3.0
2025-04-14,3.0
2025-04-15,3.0
2025-04-16,3.0
2025-04-17,3.0
2025-04-18,3.0
2025-04-19,2.0
2025-04-20,3.0
2025-04-21,3.0
2025-04-22,3.0
2025-04-23,3.0
2025-04-24,3.0
2025-04-25,3.0
2025-04-26,14.0
2025-04-27,6.0
2025-04-28,5.0
2025-04-29,4.0
2025-04-30,3.0
2025-05-01,3.0
2025-05-02,3.0
2025-05-03,3.0
2025-05-04,3.0
2025-05-05,3.0
2025-05-06,4.5
2025-05-07,4.5
2025-05-08,6.0
2025-05-09,4.5
2025-05-10,4.5
2025-05-11,3.0
2025-05-12,4.5
2025-05-13,4.5
2025-05-14,6.0
2025-05-15,4.5
2025-05-16,3.0
2025-05-17,3.0
2025-05-18,4.5
2025-05-19,4.5
2025-05-20,4.5
2025-05-21,4.5
2025-05-22,4.5
2025-05-23,4.5
2025-05-24,4.5
2025-05-25,4.5
2025-05-26,3.0
2025-05-27,3.0
2025-05-28,3.0
2025-05-29,4.5
2025-05-30,4.5
2025-05-31,4.5
2025-06-01,4.5
2025-06-02,3.0
2025-06-03,3.0
2025-06-04,3.0
2025-06-05,63.0
2025-06-06,70.5
2025-06-07,28.5
2025-06-08,16.5
2025-06-09,10.5
2025-06-10,10.5
2025-06-11,9.0
2025-06-12,7.5
2025-06-13,6.0
2025-06-14,4.5
2025-06-15,6.0
2025-06-16,4.5
2025-06-17,4.5
2025-06-18,4.5
2025-06-19,4.5
2025-06-20,4.5
2025-06-21,4.5
2025-06-22,4.5
2025-06-23,4.5
2025-06-24,4.5
2025-06-25,4.5
2025-06-26,4.5
2025-06-27,4.5
2025-06-28,4.5
2025-06-29,3.0
2025-06-30,3.0
2025-07-01,4.5
2025-07-02,4.5
2025-07-03,4.5
2025-07-04,4.5
2025-07-05,3.0
2025-07-06,3.0
2025-07-07,43.5
2025-07-08,55.5
2025-07-09,52.5
2025-07-10,37.5
2025-07-11,39.0
2025-07-12,46.5
2025-07-13,70.5
2025-07-14,64.5
2025-07-15,81.0
2025-07-16,91.5
2025-07-17,99.0
2025-07-18,150.0
2025-07-19,87.0
2025-07-20,58.5
2025-07-21,51.0
2025-07-22,60.0
2025-07-23,96.0
2025-07-24,106.5
2025-07-25,67.5
2025-07-26,55.5
2025-07-27,46.5
2025-07-28,45.0
2025-07-29,43.5
2025-07-30,42.0
2025-07-31,36.0
2025-08-01,33.0
2025-08-02,25.5
2025-08-03,21.0
2025-08-04,19.5
2025-08-05,27.0
2025-08-06,27.0
2025-08-07,22.5
2025-08-08,18.0
2025-08-09,18.0
2025-08-10,16.5
2025-08-11,18.0
2025-08-12,18.0
2025-08-13,18.0
2025-08-14,18.0
2025-08-15,16.5
2025-08-16,13.5
2025-08-17,12.0
2025-08-18,12.0
2025-08-19,13.5
2025-08-20,13.5
2025-08-21,12.0
2025-08-22,15.0
2025-08-23,15.0
2025-08-24,12.0
2025-08-25,10.5
2025-08-26,10.5
2025-08-27,9.0
2025-08-28,7.5
2025-08-29,7.5
2025-08-30,7.5
2025-08-31,9.0
2025-09-01,9.0
2025-09-02,18.0
2025-09-03,67.5
2025-09-04,48.0
2025-09-05,30.0
2025-09-06,22.5
2025-09-07,18.0
2025-09-08,33.0
2025-09-09,63.0
2025-09-10,45.0
2025-09-11,49.5
2025-09-12,42.0
2025-09-13,27.0
2025-09-14,24.0
2025-09-15,18.0
2025-09-16,21.0
2025-09-17,24.0
2025-09-18,18.0
2025-09-19,18.0
2025-09-20,16.5
2025-09-21,13.5
2025-09-22,13.5
2025-09-23,21.0
2025-09-24,40.5
2025-09-25,30.0
2025-09-26,25.5
2025-09-27,26.59090909090909
2025-09-28,17.045454545454543
2025-09-29,13.636363636363635
2025-09-30,12.954545454545453
2025-10-01,11.59090909090909
2025-10-02,12.272727272727272
2025-10-03,13.636363636363635
2025-10-04,12.272727272727272
2025-10-05,10.227272727272727
2025-10-06,10.909090909090908
2025-10-07,12.954545454545453
2025-10-08,12.954545454545453
2025-10-09,12.954545454545453
2025-10-10,11.59090909090909
2025-10-11,9.545454545454545
2025-10-12,9.545454545454545
2025-10-13,9.545454545454545
2025-10-14,9.545454545454545
2025-10-15,9.545454545454545
2025-10-16,10.227272727272727
2025-10-17,11.59090909090909
2025-10-18,15.68181818181818
2025-10-19,12.272727272727272
